编号,四柱,日主,月令,章节,我标的强弱,把握,谁说的,原文证据,备注,特殊格局提示,原文页面,您的确认（对/错/改）,您改成（太旺/偏旺/中和/偏弱/太弱/未明言）
ZP-005,戊戌 己未 丙子 庚寅,丙,未,论用神,中和,存疑,徐乐吾,日元弱而不弱,「弱而不弱」：既说弱又说不弱，暂归中和，待确认,,https://luckclub.cn/bazi/002/010/,对,
ZP-029,戊戌 甲子 丁未 庚戌,丁,子,论偏官,偏旺,存疑,徐乐吾,日元不弱,「不弱」未说强到什么程度；该例另有林注，已不采用,,https://luckclub.cn/bazi/002/041/,错,
ZP-070,己未 癸酉 丁巳 丁未,丁,酉,论星辰无关格局,偏旺,存疑,徐乐吾,"初视之,身强食神制煞而已",这是「初视之」的表面看法，随后徐乐吾又以年为主另论；不是他的最终结论,,https://luckclub.cn/bazi/002/023/,对,
ZP-080,丙寅 戊戌 辛酉 戊子,辛,戌,论印绶,偏弱,存疑,徐乐吾,火旺土燥金脆,沈孝瞻原文称此例「身旺印强」，徐乐吾则说它「似非其伦」并指出「金脆」：两位注家意见相反；此处取徐乐吾,,https://luckclub.cn/bazi/002/037/,改,偏旺
ZP-097,庚子 甲申 庚子 甲申,庚,申,论建禄月劫,偏旺,存疑,徐乐吾,"高尚书造,月时两禄,年透比肩,日元不弱",「不弱」未说到什么程度,,https://luckclub.cn/bazi/002/047/,错,
ZP-150,丁亥 癸卯 癸卯 甲寅,癸,卯,论食神,偏弱,存疑,徐乐吾,"沈路分造,癸水虽通根,而地支寅亥两合,伤官太旺,发泄似嫌逾量",通根但泄得太过，没有直接说日元强弱；暂归偏弱,,https://luckclub.cn/bazi/002/039/,错,
ZP-016,丁丑 丁未 丁酉 丁未,丁,未,论支中喜忌逢运透清,偏旺,推断,徐乐吾,"火旺遇金而有食神生之,富格也。火旺金衰",说的是「火旺」，日主丁火，故推为偏强；未直接说日元,,https://luckclub.cn/bazi/002/030/,对,
ZP-022,甲子 辛未 辛酉 壬辰,辛,未,论财,偏旺,推断,徐乐吾,汪造比劫诚旺,说的是比劫旺，日主辛金，推为偏强,,https://luckclub.cn/bazi/002/035/,对,
ZP-024,丙辰 癸巳 壬戌 壬寅,壬,巳,论财,偏弱,推断,徐乐吾,"但壬癸根轻,运喜帮身",说「根轻、运喜帮身」，推为偏弱；该句同评林、王两造,,https://luckclub.cn/bazi/002/035/,对,
ZP-027,己未 己巳 甲寅 丙寅,甲,巳,论食神,偏旺,推断,徐乐吾,"幸甲寅坐禄通根,参天之势已成,然究嫌偏枯,非中和之道",坐禄通根、势成，但嫌偏枯；强度未明说,,https://luckclub.cn/bazi/002/039/,对,
ZP-031,丙子 甲午 辛亥 辛卯,辛,午,论偏官,偏弱,推断,徐乐吾,"而辛金无根,若非子水冲去午火,则煞旺攻身",无根、煞旺攻身，推为偏弱,,https://luckclub.cn/bazi/002/041/,改,中和
ZP-035,己未 丙子 庚子 丙子,庚,子,论伤官,偏弱,推断,徐乐吾,"庚金无根,三子泄气,制伤扶身,全在于印",无根、泄气、须扶身，推为偏弱,,https://luckclub.cn/bazi/002/043/,对,
ZP-044,辛丑 甲午 丙申 壬辰,丙,午,论阳刃取运,偏弱,推断,徐乐吾,"虽月令阳刃,而身非旺",「身非旺」，用印化煞，推为偏弱,,https://luckclub.cn/bazi/002/046/,改,中和
ZP-075,丁丑 壬寅 己巳 丙寅,己,寅,论正官,偏弱,推断,徐乐吾,"初春木旺土虚,真神得用",说的是「土虚」，日主己土，推为偏弱,,https://luckclub.cn/bazi/002/033/,错,
ZP-085,甲午 丁卯 癸丑 丙辰,癸,卯,论食神,偏弱,推断,徐乐吾,"龚知县造,癸水虽通根辰丑,究嫌不旺",「究嫌不旺」，推为偏弱,,https://luckclub.cn/bazi/002/039/,改,中和
ZP-090,壬辰 甲辰 丙戌 戊戌,丙,辰,论偏官,偏弱,推断,徐乐吾,"食神泄气太重,以甲印损其太过,兼以生助日元",需要「生助日元」，推为偏弱；该例另有林注，已不采用,,https://luckclub.cn/bazi/002/041/,对,
ZP-093,壬午 己酉 戊午 庚申,戊,酉,论伤官,偏旺,推断,沈孝瞻（原文）,"只要身强而有根,便为贵格",这是对「伤官用财」格的条件，随后举史春芳命为例；推为偏强,,https://luckclub.cn/bazi/002/043/,对,
ZP-094,壬戌 己酉 戊午 丁巳,戊,酉,论伤官,偏旺,推断,徐乐吾,"壬戌一造,火旺土焦,用财以损印,用神在财",「火旺土焦、用财损印」，日主戊土，推为偏强,,https://luckclub.cn/bazi/002/043/,对,
ZP-105,己卯 丙子 丙子 丁酉,丙,子,论用神成败救应,偏弱,推断,徐乐吾,惟官重宜行印劫,官重而宜行印劫，推为偏弱,,https://luckclub.cn/bazi/002/011/,对,
ZP-111,丙寅 癸巳 癸未 壬戌,癸,巳,论财,偏弱,推断,徐乐吾,"但壬癸根轻,运喜帮身",该句在同页下一段，同评林尚书、王太仆两造；本例是林尚书造,,https://luckclub.cn/bazi/002/035/,对,
ZP-115,己酉 丙子 壬寅 丙午,壬,子,论阳刃,偏弱,推断,徐乐吾,子水之刃不免孤立,「刃孤立」，推为偏弱,,https://luckclub.cn/bazi/002/045/,错,
ZP-116,辛酉 甲午 丙申 壬辰,丙,午,论阳刃,中和,推断,徐乐吾,"煞刃两停,故财印并美",原文写作「辛丑一造」，疑为「辛酉」之误；两停推为中和,,https://luckclub.cn/bazi/002/045/,错,
ZP-125,丙午 庚寅 壬午 壬寅,壬,寅,论十干十二支,太弱,推断,徐乐吾,"印比皆无根,则不得不从",无根而从：从格；日主壬水无印比之根，推为极弱；归特殊格局,从格（印比无根）,https://luckclub.cn/bazi/002/003/,对,
ZP-004,丁卯 癸丑 丙申 戊子,丙,丑,论用神,偏弱,明确,徐乐吾,"水旺火弱,用劫帮身为用神",日主丙火；水旺火弱，取劫帮身,,https://luckclub.cn/bazi/002/010/,对,
ZP-006,癸酉 丁巳 壬午 丙午,壬,巳,论用神变化,太弱,明确,徐乐吾,"月令才煞,日元弱极",,,https://luckclub.cn/bazi/002/012/,对,
ZP-008,甲申 丙子 庚辰 甲申,庚,子,论用神配气候得失,偏旺,明确,徐乐吾,身旺以伤官泄秀为用,,,https://luckclub.cn/bazi/002/016/,对,
ZP-015,丙戌 辛丑 壬午 戊申,壬,丑,论妻子,偏旺,明确,徐乐吾,身旺敌煞,,,https://luckclub.cn/bazi/002/026/,对,
ZP-020,壬申 壬子 戊午 乙卯,戊,子,论财,偏旺,明确,徐乐吾,身旺坐印,,,https://luckclub.cn/bazi/002/035/,对,
ZP-021,壬辰 乙巳 癸巳 辛酉,癸,巳,论财,偏旺,明确,徐乐吾,而印旺身强,,,https://luckclub.cn/bazi/002/035/,对,
ZP-033,壬申 丙午 甲午 壬申,甲,午,论伤官,偏弱,明确,沈孝瞻（原文）,"伤官旺,印根深,身又弱",,,https://luckclub.cn/bazi/002/043/,对,
ZP-036,戊申 甲子 庚午 丁丑,庚,子,论伤官,偏旺,明确,徐乐吾,虽身旺以财生官为用,,,https://luckclub.cn/bazi/002/043/,对,
ZP-060,庚申 乙酉 癸未 乙卯,癸,酉,论十干合而不合,偏弱,明确,徐乐吾,"日元本弱,得此印助,方能以时上乙卯,泄秀为用",同页后文再评朱家宝造时所说,,https://luckclub.cn/bazi/002/007/,改,中和
ZP-079,丙辰 丙申 丙午 壬辰,丙,申,论财,偏旺,明确,徐乐吾,"身强敌煞,虽秋水通源,而身更旺",,,https://luckclub.cn/bazi/002/035/,对,
ZP-081,壬寅 戊申 壬辰 壬寅,壬,申,论印绶,偏旺,明确,沈孝瞻（原文）,此身重印轻也,这句是沈孝瞻原文；徐注另提「两寅泄气」，未直接否定,,https://luckclub.cn/bazi/002/037/,对,
ZP-082,辛酉 丙申 壬申 辛亥,壬,申,论印绶,偏旺,明确,徐乐吾,"身强印旺,用财损印",,,https://luckclub.cn/bazi/002/037/,对,
ZP-084,戊戌 乙卯 丙午 己亥,丙,卯,论印绶取运,偏旺,明确,徐乐吾,"身强印旺,以食伤为用耳",同一段后文还说「火太旺」，也可能是极强，待确认,,https://luckclub.cn/bazi/002/038/,对,
ZP-086,戊戌 壬戌 丙子 戊戌,丙,戌,论食神,偏弱,明确,徐乐吾,"日元虽通根于戌,不得为旺",,,https://luckclub.cn/bazi/002/039/,对,
ZP-088,癸酉 辛酉 己卯 乙亥,己,酉,论食神,偏弱,明确,徐乐吾,"日元赢弱,金木相战",「赢」应为「羸」，即羸弱；归偏弱,,https://luckclub.cn/bazi/002/039/,对,
ZP-089,乙亥 乙酉 乙卯 丁丑,乙,酉,论偏官,偏旺,明确,沈孝瞻（原文）,煞旺食强而身健,这句是沈孝瞻原文，身健即身强,,https://luckclub.cn/bazi/002/041/,对,
ZP-091,壬午 癸卯 己巳 辛未,己,卯,论偏官,偏旺,明确,徐乐吾,身旺食煞俱清,林注称此造「身弱」，与徐乐吾相反，不采林注,,https://luckclub.cn/bazi/002/041/,对,
ZP-095,甲子 壬申 己亥 辛未,己,申,论伤官,偏旺,明确,徐乐吾,"以日元己土,通根于未,身旺能任财官",该例另有林注，称应作从格，不采,,https://luckclub.cn/bazi/002/043/,对,
ZP-108,辛酉 庚子 丙寅 癸巳,丙,子,论用神格局高低,偏旺,明确,徐乐吾,"身旺能任财官,而财生官旺也",,,https://luckclub.cn/bazi/002/014/,对,
ZP-117,甲寅 庚午 戊申 甲寅,戊,午,论阳刃,偏旺,明确,徐乐吾,身强煞旺而有制,出自同页后文评贾平章造；本例是贾平章造（甲寅 庚午 戊申 甲寅）,,https://luckclub.cn/bazi/002/045/,对,
ZP-120,己未 己巳 丁未 辛丑,丁,巳,论建禄月劫,偏弱,明确,徐乐吾,日元更弱,「更弱」，可能是极弱；取偏弱，待确认,,https://luckclub.cn/bazi/002/047/,对,
ZP-139,丁未 己酉 乙亥 癸未,乙,酉,论用神格局高低,偏旺,明确,徐乐吾,"此造丁火透,秋木盛,而辛金不透也",「秋木盛」,,https://luckclub.cn/bazi/002/014/,错,
ZP-147,己巳 癸酉 癸未 庚申,癸,酉,论印绶,偏弱,明确,沈孝瞻（原文）,此身轻印重也,这句是沈孝瞻原文，身轻即身弱,,https://luckclub.cn/bazi/002/037/,对,
ZP-159,丁酉 己酉 戊子 壬子,戊,酉,论伤官,偏弱,明确,徐乐吾,"丁酉一造,虽不土金伤官,而实财多身弱,用印以培补日元",这段在同页下一个例子之后，回头评本例,,https://luckclub.cn/bazi/002/043/,对,
ZP-171,庚申 乙酉 丙申 己丑,丙,酉,论杂格,太弱,明确,沈孝瞻（原文）,"四柱皆财而身无气,舍而从之,格成大贵",弃命保财（从财格）的例子；日主丙火「身无气」。同时是一个从财格实例,弃命从财（从财格）,https://luckclub.cn/bazi/002/049/,对,
