编号,是否抽查,四柱,日主,月令,章节,该例后文（前 260 字）,特殊格局提示,原文页面,您的确认（对=确实没说/错=其实说了）,若错，原文怎么说、应是什么强弱
ZP-001,抽查,戊戌 甲子 己巳 戊辰,己,子,论十干合而不合,"月令偏财生官,劫财重重,喜得甲己相合,官星之情,专向日主,制住比劫,使不能争财,所谓用官制劫护财也。见论星辰节。",,https://luckclub.cn/bazi/002/007/,对,
ZP-026,抽查,庚戌 戊子 甲戌 乙亥,甲,子,论印绶,"是也。然此格毕竟难看,宜细详之。  **【徐注】**此造戊戌之土,包围子印,取乙木克制戊土,以存煞印,而戌中更藏丁火食神,非子印所能夺。乙木更有生火之美,吉神暗藏,有病而有救应,此其所以为贵欤?",,https://luckclub.cn/bazi/002/037/,对,
ZP-032,抽查,甲子 乙亥 辛未 戊子,辛,亥,论伤官,",干头之甲,通根于亥,然又会未成局,化水为木,化之生财,尤为有情,所以伤官生财,冬金不贵,以冻水不能生木。若乃化木,不待于生,安得不为殿元乎?  **【徐注】**三合生旺墓会局,以子午卯酉四正为中心,无四正者,会不成局。盖丁即午,癸即子,辛即酉,乙即卯也。说见《珞琭子·三命消息赋释昙莹注》。罗状元造,亥未会局而透乙,伤化为财,格局转清,而木仍有子水生之。盖食伤为财之根,用财者固喜食伤生之,用食伤者亦喜财以流动其气势也。冬金不贵,以其金寒水冷,蕭索无生意,喜其未中藏有丁火,会亥化木,虽在寒冬而生趣勃勃,岂有不贵乎? ",,https://luckclub.cn/bazi/002/043/,对,
ZP-037,抽查,丙申 己亥 辛未 己亥,辛,亥,论伤官,",郑丞相命是也。  **【徐注】**化伤为财,当作财论,而此造亥未拱合而无卯,未能化财,月令壬水秉令,仍作金水伤官论。辛金坐未,又透两己,丙火官星,气泄于印,以亥未中暗财损印生官为用。运至寅卯甲乙,财星透清,继行南方,官星得地,宜为极秀极贵之命矣。  **原文**  然亦有非金水而见官,何也?化伤为财,伤非其伤,作财旺生官而不作伤官见官,如",,https://luckclub.cn/bazi/002/043/,对,
ZP-046,抽查,丁酉 丙午 丁巳 壬寅,丁,午,论建禄月劫,",李知府命是也。  **【徐注】**财印相随,非并用财印(详论官篇)。用官而印护者,以印制伤也,如金丞相造,戊土官星,通根于戌,好在戊癸合而不化,以酉金护官为用也。用官而财助者,以财生官也,如知府造,年支酉金,隔离太远,巳邀酉而近之,生助官星,丁壬亦喜其合而不化,则格局清也。  **原文**  有官而兼带财印者,所谓身强值三奇,尤为贵气。三奇者,财官印也,只要以官隔之,使财印两不相伤,其格便大,如",,https://luckclub.cn/bazi/002/047/,对,
ZP-055,抽查,己酉 辛未 癸未 庚申,癸,未,附论杂格取运,"庚午 己巳 戊辰 丁卯 丙寅 乙丑  俗亦名之为合禄格,以申合巳中戊土为官星也。月令偏官,年上透出,时上庚印化煞为用(见论偏官篇),格正局清,有何不美?若取巳中戊土官星,岂非官煞混杂耶?  **从财格:**",,https://luckclub.cn/bazi/002/050/,对,
ZP-061,抽查,丙午 丙申 辛卯 丙申,辛,申,论十干合而不合,"三丙争合一辛,又不能化。多夫之象,女命最忌。  **原文**  今人不知命理,动以本身之合,妄论得失;更有可笑者,书云“合官非为贵取”,本是至论,而或以本身之合为合,甚或以他支之合为合,如辰与酉合、卯与戌合之类,皆作合官。一谬至此子平之传扫地矣!  **【徐注】**合官非为贵取,《三命通会》论之至详。所谓闲神相合,则合官忘贵,合煞忘贱;日主相合,则合官为贵,合煞为贱(日主无合煞)其理至明。今人不仔细研究,妄谈得失,无怪其错谬百出也。  十干配合,有合而化,有合而不化者,本书未论合化,附志于此。何谓能化?所临之支,通",,https://luckclub.cn/bazi/002/007/,对,
ZP-072,抽查,甲寅 丙寅 庚寅 戊寅,庚,寅,论支中喜忌逢运透清,"辛卯 壬辰 癸巳 甲午 乙未  寅中甲丙戊并透,然地支全寅,甲木当旺,当以从财为用。若地支寅午会局,则以丙火为用矣。",从财格,https://luckclub.cn/bazi/002/030/,对,
ZP-074,抽查,庚寅 乙酉 甲子 戊辰,甲,酉,论正官,",甲用酉官,庚金混杂,乙以合之,合煞留官,是杂煞而取清也。  **【徐注】**遇伤佩印,混煞取清,自是不易之论。但如宣造,支全木局,官化为伤,伤旺泄气,用印制伤为用;己官之气,尽泄于金,岂能以其为官星而另眼相看?即全局关键,亦在印而不在官也,李造酉为庚金旺地,乙庚之合,缓其相克之势,所谓“甲以乙妹妻庚,凶为吉兆”是也。甲木通根,子辰相合,财化为印,以印化煞,用亦在印,特官有财之生、印之化,气势流转,格局因合而清,此即所谓取清也。  **原文**  至于官格透伤用印者,又忌见财,以财能去印,未能生官,而适以护伤故也。",,https://luckclub.cn/bazi/002/033/,对,
ZP-104,抽查,丁巳 丁未 丁卯 癸卯,丁,未,论用神,"丙午 乙巳 甲辰 癸卯 壬寅 辛丑  虽有癸水七煞透出,而有卯木化之,亦宜顺其旺势。此前清戚杨知府命造。",专旺（顺其旺势）,https://luckclub.cn/bazi/002/010/,对,
ZP-137,抽查,辛未 丙申 丁亥 壬寅,丁,申,论刑冲会合解法,"亥未隔申,不能成局;寅亥之合,似可解寅申之冲, 无如申金秉令,亥中壬甲休囚,不能解金木之争;且丁壬寅亥,天地合而假化,旺金伤木,化气破格。此逊清光绪皇帝造也。  又四柱之中,刑冲俱非美事,此言亦未尽然。喜用被冲,则非美事,忌神被冲,则以成格,非可一例言也。举例如下:",,https://luckclub.cn/bazi/002/009/,对,
ZP-144,抽查,甲申 壬申 乙巳 戊寅,乙,申,论正官,",壬印戊财,以乙隔之,水与土不相碍,故为大贵。若",,https://luckclub.cn/bazi/002/033/,对,
ZP-155,抽查,己亥 甲戌 癸亥 丙辰,癸,戌,论食神,",合煞存财也。又如余寿平中丞命造,",,https://luckclub.cn/bazi/002/039/,对,
ZP-161,抽查,甲午 癸酉 庚寅 戊寅,庚,酉,论阳刃,",癸水伤寅午之官,而戊以合之,所谓印护也,如贾平章命,",,https://luckclub.cn/bazi/002/045/,对,
ZP-162,抽查,丙戌 丁酉 庚申 壬午,庚,酉,论阳刃,",官煞竞出,而壬合丁官,煞纯而不杂。况阳刃之格,利于留煞,所谓取清也。  **【徐注】**煞刃带伤食,官煞被制,格之病也,戊印合癸,去其病神,所以为贵。穆造惜乎寅午隔酉,不能会合,又无纯粹印运。若年时寅午互易其位,格局更胜。贾平章造,年月寅午会局,乃印而非刃庚金通根于申,身强煞旺而有制,戊生午月,火土炎燥,宜水以润之,所以调候也,似未可作煞刃格看。丙戌一造,丁壬合官留煞,格局取清,然官煞竞出。大要配置得宜,并非定要合制。如前清乾隆皇帝命造,",,https://luckclub.cn/bazi/002/045/,对,
ZP-002,,戊寅 己未 甲寅 乙亥,甲,未,论十干合而不合,"甲用己财;甲己相合,己土之财,专向日主也。见星辰节。  合去合来,各家所说不同。《三命通会》云:闲神者,年月时之干也。故云合官忘贵、合煞忘贱。若日主相合,则合官为贵,合煞为贱矣。窃谓闲神相合,亦有合去不合去之别。譬如甲用辛官,透丙相合,则合去;甲用庚煞,透乙相合,则虽合而不去。书云:“甲以乙妹妻庚,凶为吉兆”。相合则煞不攻身,非谓去之也。乙用辛煞。透丙则合而去之。乙用庚官,月干再透乙以相合,则官仍在,并不合去也。惟以官为用神,则用神之情有所分,不专向日主。如女命以官为夫,则为夫星不专,透而不透也。又日主本身相合,无",,https://luckclub.cn/bazi/002/007/,对,
ZP-003,,己酉 丙子 戊辰 癸亥,戊,子,论十干合而不合,"丙火调候为用,无如戊癸相合,日主之情,向财不向印,癸水虽不能越戊克丙,而日主向用之情不专矣。  **原文**  用神之情,不向日主,或日主之情,不向用神,皆非美朕也。  然又有争合妒合之说,何也?如两辛合丙,两丁合壬之类,一夫不娶二妻,一女不配二夫,所以有争合妒合之说。然到底终有合意,但情不专耳。若以两合一而隔位,则全无争妒。如",,https://luckclub.cn/bazi/002/007/,对,
ZP-013,,戊戌 己未 戊戌 丙辰,戊,未,论用神配气候得失,",稼穑格也,但辰被戌冲,火土偏燥,气不中和,戌中辛金不能引出,子嗣亦艰,不但不能富贵也。运以金地为美,运至财地,以原局无食伤之化,群劫争财,不禄。此为舍侄某之造,可见调候之重要也。",稼穑格（专旺类）,https://luckclub.cn/bazi/002/016/,对,
ZP-017,,壬辰 壬子 丙申 癸巳,丙,子,论时说拘泥格局,"癸丑 甲寅 乙卯 丙辰 丁巳 戊午  小日报主人黄光益君命造。  此两造皆日禄归时也。王君月令正财太旺,归禄帮身,运至比劫而致富,所谓“四柱没官星,青云得路”也。黄君官煞太旺,恃巳禄为日元之根,尚须通关用印,运至印地最美。比劫帮身敌煞虽为美运,巳落二乘归禄,以见官为破格者,正以身煞相敌,故以不见为美也。如:",,https://luckclub.cn/bazi/002/031/,对,
ZP-018,,壬戌 丁未 戊申 乙卯,戊,未,论正官,",杂气正官,透干会支,最为贵格,而壬财丁印,二者相合,仍以孤官无辅论,所以不上七品。  **【徐注】**存喜去忌,即《神峰》病药之说,诚不易之论也。贵之高低,全在八字配合之清浊纯杂。如薛造官印相生,财旺而不破印,官星秉令,真神得用,宜其贵也。然亦有小病,寅申巳三刑,不免刑伤贵气,运至乙亥四冲,未必无风浪。其八字之清纯,更运行西北官印之地,宜为大贵之征。杂气正官一造,未为木库,官星不秉令,丁壬一合,财印两失,巳申一合,官星被伤。气势不流通,其为孤官无辅,固显而易见者也(巳申乙庚之合)。  **原文**  若财印不以两",,https://luckclub.cn/bazi/002/033/,对,
ZP-019,,乙卯 丁亥 丁未 庚戌,丁,亥,论正官,",此并用财印,无伤官而不杂煞,所谓去其忌而存其喜者也。  **【徐注】**印为生我,受人之庇;财为我克,管辖他人。用印者必身弱,用财者必身旺。身旺任事,自较受庇于人为显赫,若身弱,则转不如受庇之为安逸矣。金造亥卯未三合,官化为印,木盛火塞,用财损印,用《滴天髓》君赖臣生之理也。似非并用财印,亦非官用财生,列入正官,似非其类。  **原文**  然而遇伤在于佩印,混煞贵乎取清。如宣参国命,",,https://luckclub.cn/bazi/002/033/,对,
ZP-023,,庚辰 戊子 戊寅 甲寅,戊,子,论财,",制煞生财也。  **【徐注】**毛状元造,乙庚合而煞仍留,辰酉合而财化煞,所谓合煞存财,义殊未当。甲木生三月,木余气,火进气,而金休囚时也。丁火扬威,制煞为用,而行运",,https://luckclub.cn/bazi/002/035/,对,
ZP-025,,乙丑 丁亥 己亥 乙亥,己,亥,论财取运,"丙戌 乙酉 甲申 癸未 壬午 辛巳  论财篇赵侍郎造。喜财藏支而不透,天干煞印相生,以印化煞为用。甲乙运官煞生印甚美,申酉运虽食伤生财党煞,而原局煞有印化,虽非吉运,亦无碍也。癸未运吉,壬运合丁,化煞破用,所谓逢财必忌也。",,https://luckclub.cn/bazi/002/036/,对,
ZP-028,,丙辰 庚子 辛卯 乙未,辛,子,论食神,",月令食神而用官星,食生财,财生官,地位配置合宜,为贵格也。  **原文**  至若食神透煞。本忌见财,而财先煞后,食以间之,而财不能党煞,亦可就贵。如刘提台命,",,https://luckclub.cn/bazi/002/039/,对,
ZP-030,,癸卯 丁巳 庚寅 庚辰,庚,巳,论偏官,",去官留煞也。夫官为贵气,去官何如去煞?岂知月令偏官,煞为用而官非用,各从其重。若官格杂煞而去官留煞,不能如是之清矣。如沈郎中命,",,https://luckclub.cn/bazi/002/041/,对,
ZP-043,,己酉 丙子 壬申 丙午,壬,子,论阳刃取运,"乙亥 甲戌 癸酉 壬申 辛未 庚午  财旺生官也,虽月令阳刃而财更旺,喜得己酉官印相生,财官印刃,周流不滞。运行印绶比劫之方,皆为美运,官运亦吉,如癸酉壬申辛未三十年是也。甲木食神合官,乙木伤碍官星,均非吉地耳。  (林注:此造应该是身财两停,可任财官。金运官印相生,所以吉;然火运也吉,皆财可生官,兼作调候暖局之用;惟伤食木运,破官不利。)  **原文**  阳刃用煞,煞不甚旺,则运喜助煞;煞若太重,则运喜身旺印绶,伤食亦不为忌。  **【徐注】**阳刃用煞,与用官之意义相同,所异者官煞之性质耳(参观论官论煞篇)。",,https://luckclub.cn/bazi/002/046/,对,
ZP-045,,庚戌 戊子 癸酉 癸亥,癸,子,论建禄月劫,",金丞相命是也。有用官而财助者,如",,https://luckclub.cn/bazi/002/047/,对,
ZP-047,,庚午 戊子 癸卯 丁巳,癸,子,论建禄月劫,",王少师命是也。  **【徐注】**三奇之说,各家不同。以财官印为三奇,亦命家之一说也。然干透必须支藏,天覆地载,方为全美。如此造丁火通根于午,庚通根于巳,支藏干透,方为有根。财印隔离,各处其用,而不相碍,宜乎为贵格也。  **原文**  禄劫用财,须带食伤,盖月令为劫而以财作用,二物相克,必以伤食化之,始可转劫生财,如",,https://luckclub.cn/bazi/002/047/,对,
ZP-048,,丁巳 壬子 癸卯 己未,癸,子,论建禄月劫,",壬合丁财以去其党煞,卯未会局以制伏是也。  **【徐注】**禄劫用煞,与普通用煞相同,身旺煞强,以食神制煞为用。丁壬一合,干头取清,尤妙者巳中丙火伏藏,财不党煞,而有调和气候之用。水暖木得滋长,土亦不冻,为吉神暗藏也。  **原文**  至用煞而又逢财,本为不美,然能去煞存财,又成贵格。",,https://luckclub.cn/bazi/002/047/,错,身强
ZP-049,,戊辰 癸亥 壬午 丙午,壬,亥,论建禄月劫,",合煞存财,袁内阁命是也。  **【徐注】**合财合煞,同为格局取清之用。月劫用财,必藉伤食之化,已见前节。袁内阁造,午中财官同得禄,似为合煞留官,以财生官为用神,非专以财为用,亦非专以合煞取贵也。  **原文**  其禄劫之格,无财官而用伤食,泄其太过,亦为秀气。唯春木秋金,用之则贵,盖木逢火则明,金生水则灵。如张状元命,",,https://luckclub.cn/bazi/002/047/,对,
ZP-050,,庚寅 壬午 丁卯 壬寅,丁,午,论建禄月劫,",两官竞出,露而无极,过财官旺运而财发巨万。虽不贵而富,可见非定须制伏也。  **原文**  若夫用官而孤官无辅,格局更小,难于取贵,若透伤食便不破格。然亦有官伤并透而贵者,何也?如",,https://luckclub.cn/bazi/002/047/,对,
ZP-051,,己酉 乙亥 壬戌 庚子,壬,亥,论建禄月劫,",庚合乙而去伤存官,王总兵命也。  **【徐注】**王总兵造,乙庚相合,化伤为印,格局取清;己土卑湿,不足以止水,喜其通根于戌,火土厚重,足固提防。运行官印之地,为足贵也。  **原文**  用财而不透伤食,便难于发端,然干头透一位而不杂,地支根多,亦可取富,但不贵耳。  **【徐注】**禄劫用财与阳刃相同必以食伤为枢纽,但格局清而运相助,亦有定富贵者。如",,https://luckclub.cn/bazi/002/047/,对,
ZP-053,,甲寅 庚午 丙午 甲午,丙,午,论杂格,",是冲子官也。运忌填实,余俱可行。  **【徐注】**戊午一造,相传为关圣之命,实则火土偏燥,一生惟金运为最美,泄其旺气也。木火土乡有旺极难继、满招损之象。水运盖子其旺势,互起冲激,岂得平稳?甲寅一造,亦惟土运为美。大都从前看命,专重财官,而于此等格局无法解释,于是迂曲其词,以倒冲为说耳。  **原文**  有朝阳成格者,戊去朝丙,辛日得官,以丙戊同禄于巳,即以引汲之意。要干头无木火,方成其格,盖有火则无待于朝,有木财触戊之怒,而不为我朝。如戊辰、辛酉、戊子,张知县命是也。运喜土金水,木运平平,火则忌矣。  **【",倒冲格（旺极类）,https://luckclub.cn/bazi/002/049/,对,
ZP-054,,辛丑 辛丑 辛丑 庚寅,辛,丑,论杂格,",章统制命是也。若命是有子字,则丑与子合而不遥,有丙丁戊己,则辛癸之官煞已透,而无待于遥,另有取用,非此格矣。至于甲子遥已,转辗求俣,似觉无情,此格可废,因罗御史命,聊复存之。为",遥合格,https://luckclub.cn/bazi/002/049/,对,
ZP-056,,庚申 乙酉 丁丑 庚戌,丁,酉,论十干配合性情,"丙戌 丁亥 戊子 己丑 庚寅 辛卯  本为火炼真金格局,乙庚相合,印为财破,虽生富厚之家,而天生哑子,终身残废也。  原局十干配合,其关系之重如此;而行运逢合,此五行中这关系,亦不亚于原局。譬如甲用辛官,癸丁并透,木以癸印制伤护官为用,而行运见戊,合去癸水,则丁火得伤其官星矣。或甲用辛官,透丁为伤,行运见壬,合去丁伤而官星得用矣。为喜为忌,全在配合,不论其化与否也(详见行运节)。运干配合原局,其化与不化,全视所坐地支是否相助,与原局所有者,看法亦相同也。",,https://luckclub.cn/bazi/002/006/,对,
ZP-057,,乙酉 甲申 丁巳 庚戌,丁,申,论十干合而不合,"乙庚相合,通月令之气,虽遥隔而仍合,以庚劈甲引丁为用。张耀曾之造也(按此造乙庚之间,隔以丁火,可以与上节参观)。  **原文**  又有合而无伤于合者,何也?如甲生寅卯,月时两透辛官,以年丙合月辛,是为合一留一,官星反轻。甲逢月刃,庚辛并透,丙与辛合,是为合官留煞,而煞刃依然成格,皆无伤于合也。  **【徐注】**两官并透,名为重官;两煞并透,是为重煞。合一留一,反以成格。官煞并透,是为混杂,合官留煞,或合煞留官,反以取清。如:",,https://luckclub.cn/bazi/002/007/,对,
ZP-058,,丙戌 辛卯 辛巳 戊戌,辛,卯,论十干合而不合,"一丙合两辛,官星虽不合去,而用神之情不专矣。",,https://luckclub.cn/bazi/002/007/,对,
ZP-059,,庚午 乙酉 甲子 乙亥,甲,酉,论十干合而不合,",两乙合庚,甲日隔之,此高太尉命,仍作合煞留官,无减福也。  **【徐注】**以两合一,用神之情不专,已见上例,若隔位则无碍。如:",,https://luckclub.cn/bazi/002/007/,对,
ZP-062,,壬戌 己酉 丁丑 甲辰,丁,酉,论用神,"月令财旺生官,己土食神损官为病,以甲木去己土为用,此为南浔刘澄如命造。  **(三)调候**",,https://luckclub.cn/bazi/002/010/,对,
ZP-063,,丁巳 己酉 庚子 丁亥,庚,酉,论用神成败救应,"戊申 丁未 丙午 乙巳 甲辰 癸卯 壬寅  朱古薇命造。月令阳刃用官,然重官不贵,妙在年上官星隔以己印,官生印,印生身,专用时上官星,运行助官,回翔台阁,则因己土为救应之神也。",,https://luckclub.cn/bazi/002/011/,对,
ZP-066,,丙戌 丙申 丙申 壬辰,丙,申,论生克先后分吉凶,",八个字完全相同,而生于七月,乙木休囚,不能为用,财当煞以攻身,青年夭折。此其一例耳。  **原文**  如正官同是财伤并透,而先后有殊。假如甲用酉官,丁先戊后,则以财为解伤,即不能贵,后运必有结局。若戊先而丁后时,则为官遇财生,而后因伤破,即使上运稍顺,终无结局,子嗣亦难矣。  **【徐注】**正官格逢伤,透财可解。然有可解有不可解者,即先后程序之别也。兹以**原文**所述之例,列式以明之:  丁年 己酉 甲日 戊辰  是为财旺生官之局,伤官之气泄于财,丝毫无损于官星。若易其地位,如下列格式:  戊年 辛酉 甲辰",,https://luckclub.cn/bazi/002/022/,对,
ZP-067,,庚申 戊寅 丙申 乙未,丙,寅,论生克先后分吉凶,",财星坏印,虽乙印在时,财先印后,而乙庚化合,得气于申,有救应而不解,如中年后运佳,尚有结局,再行财运,必无善果也。  **原文**  食神同是财枭并透,而先后有殊。如壬用甲食,庚先丙后,晚运必亨,格亦富而望贵。若丙先而庚在时,晚运必淡,富贵两空矣。  **【徐注】**食伤生财,以枭印夺食制伤为病,若印在前,而食伤生财在后,则印滋生日元,日元旺而泄秀,与印旺用食伤相同(参阅论印用食伤节),格取富贵。盖食伤喜行财地,而财制枭印,枭以护食伤也。若无丙财,则为有病无药。如",,https://luckclub.cn/bazi/002/022/,对,
ZP-071,,丁未 甲辰 己酉 戊辰,己,辰,论喜忌干支有别,"癸卯 壬寅 辛丑 庚子 己亥 戊戌  此舍侄某造,甲己化土格也。戊土元神透出,年上丁火助化,格局极真,以丁火偏印为用神。初运寅卯,化神还原,壬癸伤用,皆非美运。然壬癸有戊土回克,卯运有酉金回冲,原局有救应,逢凶化吉。至寅运,甲木得禄,化神还原,四柱无救,一败涂地。可见行运救应之一斑。",甲己化土（化气格）,https://luckclub.cn/bazi/002/029/,对,
ZP-073,,戊申 乙卯 辛亥 戊子,辛,卯,论时说拘泥格局,"丙辰 丁巳 戊午 己未 庚申 辛酉  此沪上名人朱葆三命造,相传为朝阳格也。其说支离,姑置勿论,即以朝阳格言,《三命通会》明言生甲寅乙卯月,只以财论,是以财为用也。又云生四季月以印论,丙午丙寅丙戌月以财官论,是仍以月令为重,四柱扶抑为也。  **原文**  财逢时煞,不以为生煞攻身,而以为时上偏官。  **【徐注】**财逢时煞者,月令财而时逢煞也。《喜忌篇》云:“若乃时逢七煞,见之未必为凶,月制干强,其煞反为权印。”**原文**甚明,干强者,身强也。七煞本为克身之物,然日元强,七煞有制,反为权印。不仅时上如是,凡用",,https://luckclub.cn/bazi/002/031/,对,
ZP-077,,壬寅 壬寅 庚辰 辛巳,庚,寅,论财,",杨待郎之命是也。透官身弱,则格坏矣。  **【徐注】**食神生财者,用在食神,故不以露官星为贵。比劫生起食伤,益觉有情。若用财岂宜比劫哉?杨造庚金坐印,泄秀于壬;春木初萌,赖水培养,秀气流通;寅巳藏火,气象和煦,木得滋养。若丙火透则当用官,不能以食神生财为用矣。  **原文**  有财格佩印者,盖孤财不贵,佩印帮身,即印取贵。如",,https://luckclub.cn/bazi/002/035/,对,
ZP-078,,乙未 己卯 庚寅 辛巳,庚,卯,论财,",乙与己两不相能,即有好处,小富而已。  **【徐注】**财印并用,最不易取,不比正官格之财印并用,并用神在官也,盖需要佩印,必是身弱,而四柱又别无可取,财印相战,不得已而用之。然财印双清,隔离不相碍,往往富贵,非谓佩印即为贵征,盖无印则财多身弱,再露官煞,则弃命相从耳。身弱得印,用神即在于印,以行官煞运为佳,既可泄财之气,又可生印,亦和解之法也。曾造甲乙通根于寅,财印双清,期为佳耳。近见一造,",,https://luckclub.cn/bazi/002/035/,错,偏弱
ZP-083,,己未 甲戌 辛未 癸巳,辛,戌,论印绶,",此合财存食之贵也。  **【徐注】**大抵富贵两字,辨别甚难。古之人有贵而不富者,有富而不贵者,若今人则富者无不贵,贵者无不富矣。何从而别之?辨别富贵,当以《滴天髓》“何知其人富,财气通门户;何知其人贵,官星有理会”数语,最为精审。财与食相生,轻而不轻者,即财气通门户之谓也。然牛监薄命,仍当以食神生财取用,以乙庚合不生癸为贵征,似未尽然,盖印未曾合去也。丙火通根于寅,身旺财印皆有根,宜乎富与贵兼。己未一造,制印存食,而巳与未又拱官贵,皆为贵征,而用神则在食神也。  **原文**  又有印而兼透官煞者,或合煞,或有",,https://luckclub.cn/bazi/002/037/,对,
ZP-092,,戊辰 甲寅 戊寅 戊午,戊,寅,论偏官,"、赵员外命是也。  **【徐注】**此造煞旺秉令,真神得用,寅午拱会,化煞生身,用神极明显,亦清纯可贵也。  **原文**  至书有制煞不可太过之说,虽亦有理,然运行财印,亦能发福,不可执一也,乃若弃命从煞,则于外格详之。  **【徐注】**制煞太过者,以太过为病也。去其病神,自可发福。但用财用印,亦有分别。身旺者宜财不宜印,身弱者宜印不宜财。如",,https://luckclub.cn/bazi/002/041/,对,
ZP-098,,辛亥 庚寅 甲申 丙寅,甲,寅,论建禄月劫,",制煞留官也。  **【徐注】**官煞竞出,以取清为贵,合与制,皆取清之法也。然辛丑一造,乙庚相合,庚金未曾合去。辛亥一造,庚金通根于申,克而不净。官煞并见者,作为煞看,一以印化煞为用,一以食制煞为用也。如",,https://luckclub.cn/bazi/002/047/,对,
ZP-100,,戊子 庚申 庚申 庚辰,庚,申,论杂格,",郭统制命也。运喜财,不利填实,余亦吉也。  **【徐注】**井栏叉格,取庚子、庚申、庚辰三日,要申子辰全。《喜忌篇》云。“庚日全逢润下,忌壬癸巳午之方;时遇子申,其福减半”,其实即金水伤官也。年上戊土无根,故以伤官为用,特气势纯粹耳。最喜行东方财地,次者北方亦美。最忌官印,官煞克身,印绶制食,皆逆其旺势,所谓巳午之方也。时遇子,遁干为丙子,露官星,遇申为归禄,故云其福减半。  **原文**  有刑合成格者,癸日甲寅时,寅刑巳而得财官,格与合禄相似,但合禄则喜以合之,而刑合则硬以致之也。命有庚申,则木被冲克而不能刑",井栏叉格（润下类）,https://luckclub.cn/bazi/002/049/,对,
ZP-103,,丁亥 丙午 丁卯 庚子,丁,午,论刑冲会合解法,"此因子卯之刑,而解子午之冲也。为敝友陈君造。",,https://luckclub.cn/bazi/002/009/,对,
ZP-106,,己卯 丙子 丙寅 丙申,丙,子,论用神成败救应,"乙亥 甲戌 癸酉 壬申 辛未 庚午 己巳  月令官星,财印为辅,格之成也。惜寅申相冲,财印两伤,主虽正,奈辅佐冲突,不得力何?为成中有败也。又浙西盐商周湘舲造,为",,https://luckclub.cn/bazi/002/011/,对,
ZP-107,,丙子 辛丑 乙巳 乙酉,乙,丑,论用神格局高低,"此造辛金丙火均透,特为冬木而非秋木,不作此论。  丙生子月而癸水透,正官格也。支坐寅午禄刃之地,丙火身旺也。庚金露则官有财之生,财为官之引,官以财为根。运行财乡,必然大贵,以日元与财官皆有力也。举例如下:",,https://luckclub.cn/bazi/002/014/,对,
ZP-109,,己卯 辛未 壬寅 辛亥,壬,未,论正官,",未中己官透干用清,支会木局,两辛解之,是遇伤而佩印也。李参政命,",,https://luckclub.cn/bazi/002/033/,对,
ZP-110,,庚戌 戊子 戊子 丙辰,戊,子,论财,",庚与丙隔两戊而不相克,是食与印不相碍也。如平江伯命,",,https://luckclub.cn/bazi/002/035/,对,
ZP-112,,丁亥 壬子 辛巳 丁酉,辛,子,论食神,",舒尚书命是也。至于食神忌印,夏火太炎而木焦,透印不碍,如",,https://luckclub.cn/bazi/002/039/,对,
ZP-114,,己卯 丁丑 丙寅 庚寅,丙,丑,论伤官,",己与庚同根月令是也。  **【徐注】**格局之高下,全在于清浊。亦有清中转浊、浊中转清者,如以格局论,何格无贵,何格无贱?要未可一例论也。秦造己与庚同根,月令而透出,为其转清之处,亦即秀气之点也。  **原文**  有伤官佩印者,印能制伤,所以为贵,反要伤官旺,身稍弱,始为秀气。如孛罗平章命,",,https://luckclub.cn/bazi/002/043/,对,
ZP-122,,甲子 丙子 癸丑 丙辰,癸,子,论建禄月劫取运,"丁丑 戊寅 己卯 庚辰 辛巳 壬午  甲丙皆不通根,伤官太轻,宜行食伤运以助财。戊寅己卯运,食伤之地最佳,庚辰非吉。此造惜无",,https://luckclub.cn/bazi/002/048/,对,
ZP-124,,戊午 戊午 戊午 戊午,戊,午,论杂格,",是冲子财也;",倒冲格（旺极类）,https://luckclub.cn/bazi/002/049/,对,
ZP-126,,丙午 辛卯 戊寅 甲寅,戊,卯,论十干配合性情,"丙辛合而不化,无丙可用辛制甲,无辛可用丙化甲,两皆有用,因合而两失其用也。",,https://luckclub.cn/bazi/002/006/,对,
ZP-127,,壬寅 戊申 丙寅 癸巳,丙,申,论十干合而不合,"此合官留煞也。又《三命通会》以合为留,以克为去,如此造戊克壬合癸,名去煞留官,各家所说不同也。  按合而无伤于合者,去一留一也,或克而去之,或合而去之,其意相同。如林主席森命造,",,https://luckclub.cn/bazi/002/007/,对,
ZP-128,,戊辰 甲寅 丁卯 戊申,丁,寅,论十干合而不合,",戊土伤官,年时两透,用甲克去年上伤官,而留时上伤官以生财损印,格局反清,其意一也。无食伤则财无根,两透则嫌其重,去一留一,适以成格。  **原文**  又有合而不以合论者,何也?本身之合也。盖五阳逢财,五阴遇官,俱是作合,惟是本身十干合之,不为合去。假如乙用庚官,日干之乙,与庚作合,是我之官,是我合之。何为合去?若庚在年上,乙在月上,则月上之乙,先去合庚,而日干反不能合,是为合去也。又如女以官为夫,丁日逢壬,是我之夫,是我合之,正如夫妻相亲,其情愈密。惟壬在月上,而年丁合之,日干之丁,反不能合,是以己之夫星,被姊",,https://luckclub.cn/bazi/002/007/,对,
ZP-134,,癸未 壬戌 庚戌 庚辰,庚,戌,论刑冲会合解法,"此茅祖权之造。一未不刑两戌,本可不以刑论,乃因辰戌之冲,复引起戌未之刑。",,https://luckclub.cn/bazi/002/009/,对,
ZP-135,,壬辰 癸卯 丁酉 己酉,丁,卯,论刑冲会合解法,"此赵观涛之造。一卯不冲二酉,乃以辰酉之合,引起卯酉之冲,与上张继造相同。  **原文**  又有刑冲而会合不能解者,何也?假如子年午月,日坐丑位,丑与子合,可以解冲,而时逢巳酉,则丑与巳酉会,而子复冲午;子年卯月,日坐戌位,戌与卯合,可以解刑,而或时逢寅午,则戌与寅午会,而卯复刑子。是会合而不能解刑冲也。  **【徐注】**刑冲而会合不能解者,本有会合,可解刑冲矣,乃因另一会合,复引起刑冲,或因第二刑冲引起第一刑冲,亦不一其例。",,https://luckclub.cn/bazi/002/009/,对,
ZP-136,,丁酉 壬寅 辛巳 丙申,辛,寅,论刑冲会合解法,"酉巳之会,因隔寅木而不成局;寅申之冲,亦因隔巳火而不成冲;且巳申刑而带合,去申中庚金,使其不伤寅木,财官之用无损,便成贵格。此造摘自《神峰通考》。",,https://luckclub.cn/bazi/002/009/,对,
ZP-138,,戊寅 乙卯 丁未 壬寅,丁,卯,论用神,"丙辰 丁巳 戊午 己未 庚申 辛酉  丁壬相合,月时卯寅,化气格真,化神喜行旺地,旺之极者,亦喜其泄。此丁壬化木格,孙岳之命造也。  **(五)通关**",丁壬化木（化气格）,https://luckclub.cn/bazi/002/010/,对,
ZP-142,,丙午 辛卯 己亥 癸酉,己,卯,论生克先后分吉凶,"丙火合去食神,酉金生财党煞,无救应之神矣。以食制煞如此,以印化煞亦同。如癸年乙卯月己日丁卯时,财不破印,煞虽重印可化也。若丁年癸卯月,或甲己年丁卯月,而癸酉时,均为财破印以党煞也。  他如此类,可以例推。然犹吉凶易者也,至丙生甲寅月,年癸时戊,官能生印,而不怕戊合;戊能泄身为秀,而不得越甲以合癸,大贵之格也。假使年月戊癸而时甲,或年甲而月癸时戊,则戊无所隔而合全癸,格大破矣。  此亦地位之殊也,列式观之,即甚明显:  癸年 甲寅 丙日 戊时  官能生印,戊不能越甲以合癸也。假使如下列两式:  癸年 戊午 丙日 甲午",,https://luckclub.cn/bazi/002/022/,对,
ZP-143,,己未 壬申 戊子 庚申,戊,申,论时说以讹传讹,",本食神生财也,而欲弃月令,以为戊日庚申合禄之格,岂知本身自有财食,岂不甚美?又何劳以庚合乙,求局外之官乎,此类甚多,皆硬入外格也。  **【徐注】**常见妄人自作聪明,八字入手而不能解,即谓时辰错误,擅为改易,不知一时之差,喜用运途,截然不同,反使他人无从索解。今阅此节,始知该类妄人,自古之矣。如壬申一造,甲戌藏火调候,至为明显。若易为乙亥时,旺财生煞,而煞无制,水寒土冻,木不发荣,以为合于时上一位贵格,岂不可嗤?己未一造,食神生财,亦极明显,明见之食财,有何不美,而必用暗合之官星,合禄谓合官也?此种见解,皆自作",,https://luckclub.cn/bazi/002/032/,对,
ZP-145,,乙酉 庚辰 甲午 戊辰,甲,辰,论财,",合煞存财也;李御史命,",,https://luckclub.cn/bazi/002/035/,对,
ZP-146,,乙亥 己卯 丁酉 壬寅,丁,卯,论印绶,",己为乙制,己不碍官也。  **【徐注】**朱尚书造,壬为戊制,诚哉不伤官星,但四柱五重土,支又藏火而干透丙,若再行火土运,宁有幸乎?此造妙在天干火土金水顺序而生,故土不埋金,辰土收其燥气,壬水泄金之秀,辰未中皆藏乙木财星,暗损印绶,病重而得药。运程庚子、辛丑、壬寅、癸卯、甲辰金水木地,体用得宜,所以贵也。临淮侯造,寅亥卯印旺,秉令而透乙木,用神全在酉金,损印而生官,己土被制,不碍官星,为去病取清,非以枭印夺食为用也。  **原文**  有印而用伤食者,身强印旺,恐其太过,泄身以为秀气。如",,https://luckclub.cn/bazi/002/037/,对,
ZP-148,,壬子 癸卯 丙子 己亥,丙,卯,论印绶,"、此官煞有制也。  **【徐注】**合煞留官,或制官存煞,格局以清。然此两造,殊未见佳妙。辛亥一造,煞印并旺而无食伤;壬子一造,湿木无焰,己土之力,亦嫌薄弱。谓为贵格,殊有未解。  **原文**  至于化印为劫;弃之以就财官,如赵知府命,",,https://luckclub.cn/bazi/002/037/,对,
ZP-149,,丙午 庚寅 丙午 癸巳,丙,寅,论印绶,",则变之又变者矣。  **【徐注】**寅午化印为劫,庚癸财官可用,所惜者财官无根耳。若癸巳易以癸酉或癸亥,运行财官之乡,前程更远大矣。(林注:此造财官无根,财又被劫,当以从旺格论,以癸水为病,大运辛卯、壬辰、癸巳、甲午、乙未、丙申、丁酉,一路配合相宜,所以贵至知府。若用财官,所配木火运程,必贫贱无疑。)  **原文**  更有印透七煞,而劫财以存煞印,亦有贵格,如",,https://luckclub.cn/bazi/002/037/,对,
ZP-151,,辛卯 辛卯 癸酉 己未,癸,卯,论食神,",常国公命是也。若无印绶而单露偏官,只要无财,亦为贵格,如",,https://luckclub.cn/bazi/002/039/,对,
ZP-163,,甲子 丙寅 甲子 丙寅,甲,寅,论建禄月劫,",木火通明也;又",,https://luckclub.cn/bazi/002/047/,对,
ZP-164,,癸卯 庚申 庚子 庚辰,庚,申,论建禄月劫,",金水相涵也。  **【徐注】**张造两干不杂,木火通明,为食神格。更喜佩印,调停中和,运宜财地。癸卯一造,庚日申子辰全,为金水伤官中之井栏叉格。年支卯木,泄水旺气,运喜东方财地,所谓庚日全逢润下,忌壬癸巳午之方是也。伤官格中,以金水相涵、木火通明、水木菁华,为最秀而贵。若火土、土金,不免偏燥,更须调停中和,方得完美也。  **原文**  更有禄劫而官煞竞出,必取清方为贵格。如一平章命,",井栏叉格（润下类）,https://luckclub.cn/bazi/002/047/,对,
ZP-165,,辛丑 庚寅 甲辰 乙亥,甲,寅,论建禄月劫,、合煞留官也;如,,https://luckclub.cn/bazi/002/047/,对,
ZP-167,,癸亥 乙卯 乙未 壬午,乙,卯,论杂格,",吴相公命是也。运亦喜印绶比劫之乡,财食亦吉,官煞则忌矣。  **【徐注】**得一方秀气者,有曲直、炎上、稼穑、从革、润下五种格局,以一方专旺之气也。亦有方局不全者,只要气势专一,从其旺势,如",曲直（五行一方秀气，专旺类）,https://luckclub.cn/bazi/002/049/,对,
ZP-169,,甲戌 丁卯 壬寅 甲辰,壬,卯,论杂格,",一品贵格命也。运喜所化之物,与所化之印绶,财伤亦可,不利官煞。  **【徐注】**从化者,谓从之而化,与弃命相从之格不同。如甲己化土,乙庚化金,丙辛化水,戊癸化火五格是也。更要逢辰,盖五行遁干,逢辰则化神透出。如甲己化土,而甲己遁干至辰为戊辰;丁壬化木,而丁壬遁干至辰为甲辰。故云逢龙则化,以此故也。化气必须得地支之气,而尤要者为月时,倘月时不得气,则决不能化。如丁壬化木,必须生于寅卯两月,甲己化土,必须生于辰戌丑未月,所谓化出之物得时乘令是也。而局与方之全与不全,不甚重要,惟全则气纯耳。再者丁壬化木生于未月,得化",从化（丁壬化木）,https://luckclub.cn/bazi/002/049/,对,
ZP-170,,己未 戊辰 戊辰 庚申,戊,辰,论杂格,",蜀王命是也。癸日庚申,以申合巳,因其主而得其朋,如",,https://luckclub.cn/bazi/002/049/,对,
ZP-172,,甲申 甲戌 甲子 甲子,甲,戌,论杂格,",罗御史命是也。  **【徐注】**遥合有二,丑遥巳格、子遥巳格是也。丑遥巳格,以辛丑癸丑二日,用丑多为主,以丑中辛癸,遥合巳中丙火。戊土为官星,局中喜有申酉二字,合住巳字,忌有子字绊住丑字及巳字填实。然如章统制辛丑一造,寅中木火财官可用,何待于遥?古歌云,“辛日癸日多逢丑,名为遥巳合官星,莫言不喜官星旺,谁信官来大有成”,则喜见财官明矣。子遥巳格,取甲子日甲子时,以子中癸水遥合巳中戊土,戊土动丙火,丙火合辛金,为甲木官星,转辗求合,更无理由。罗御史甲申一造,月令杂气偏财可用,何须曲为之说?实无理取闹耳。  **原",,https://luckclub.cn/bazi/002/049/,对,
ZP-173,,戊辰 辛酉 辛酉 戊子,辛,酉,附论杂格取运,"壬戌 癸亥 甲子 乙丑 丙寅 丁卯  此金水伤官,原无官星,气势偏于金水,以顺其性。行土金水运为美,火运为忌。带水之木尚可行,而带火之木则不宜见。此俗所谓朝阳格也。  **合禄格:**",朝阳格（金水，顺其性）,https://luckclub.cn/bazi/002/050/,对,
